taxonKey	scientificName	acceptedTaxonKey	acceptedScientificName	numberOfOccurrences	taxonRank	taxonomicStatus	kingdom	kingdomKey	phylum	phylumKey	class	classKey	order	orderKey	family	familyKey	genus	genusKey	species	speciesKey	iucnRedListCategory
7615196	Trachypithecus leucocephalus Tan, 1957	7615196	Trachypithecus leucocephalus Tan, 1957	10	SPECIES	ACCEPTED	Animalia	1	Chordata	44	Mammalia	359	Primates	798	Cercopithecidae	9622	Trachypithecus	2436533	Trachypithecus leucocephalus	7615196	CR
2441360	Gavialis gangeticus (Gmelin, 1789)	2441360	Gavialis gangeticus (Gmelin, 1789)	85	SPECIES	ACCEPTED	Animalia	1	Chordata	44	Crocodylia	11493978			Gavialidae	3238583	Gavialis	2441359	Gavialis gangeticus	2441360	CR
8539576	Indotestudo elongata (Blyth, 1854)	8539576	Indotestudo elongata (Blyth, 1854)	33	SPECIES	ACCEPTED	Animalia	1	Chordata	44	Testudines	11418114			Testudinidae	9618	Indotestudo	2441436	Indotestudo elongata	8539576	CR
2443244	Mauremys sinensis (Gray, 1834)	2443244	Mauremys sinensis (Gray, 1834)	646	SPECIES	ACCEPTED	Animalia	1	Chordata	44	Testudines	11418114			Geoemydidae	5463	Mauremys	9245902	Mauremys sinensis	2443244	CR
2429512	Micrixalus kottigeharensis (Rao, 1937)	2429512	Micrixalus kottigeharensis (Rao, 1937)	4	SPECIES	ACCEPTED	Animalia	1	Chordata	44	Amphibia	131	Anura	952	Micrixalidae	3088	Micrixalus	2429511	Micrixalus kottigeharensis	2429512	CR
4267166	Pygathrix nigripes (A.Milne-Edwards, 1871)	4267166	Pygathrix nigripes (A.Milne-Edwards, 1871)	27	SPECIES	ACCEPTED	Animalia	1	Chordata	44	Mammalia	359	Primates	798	Cercopithecidae	9622	Pygathrix	2436527	Pygathrix nigripes	4267166	CR
2482154	Macrocephalon maleo S.Müller, 1846	2482154	Macrocephalon maleo S.Müller, 1846	16	SPECIES	ACCEPTED	Animalia	1	Chordata	44	Aves	212	Galliformes	723	Megapodiidae	9318	Macrocephalon	2482153	Macrocephalon maleo	2482154	CR
2489068	Leucopsar rothschildi Stresemann, 1912	2489068	Leucopsar rothschildi Stresemann, 1912	82	SPECIES	ACCEPTED	Animalia	1	Chordata	44	Aves	212	Passeriformes	729	Sturnidae	9350	Leucopsar	2489067	Leucopsar rothschildi	2489068	CR
2480777	Pseudibis davisoni (Hume, 1875)	2480777	Pseudibis davisoni (Hume, 1875)	5	SPECIES	ACCEPTED	Animalia	1	Chordata	44	Aves	212	Pelecaniformes	7190953	Threskiornithidae	5288	Pseudibis	2480776	Pseudibis davisoni	2480777	CR
2491518	Emberiza aureola Pallas, 1773	2491518	Emberiza aureola Pallas, 1773	245	SPECIES	ACCEPTED	Animalia	1	Chordata	44	Aves	212	Passeriformes	729	Emberizidae	9608	Emberiza	2491468	Emberiza aureola	2491518	CR
5707417	Pongo pygmaeus pygmaeus	5707417	Pongo pygmaeus pygmaeus	20	SUBSPECIES	ACCEPTED	Animalia	1	Chordata	44	Mammalia	359	Primates	798	Hominidae	5483	Pongo	5219531	Pongo pygmaeus	5219532	CR
5785805	Raorchestes munnarensis (Biju & Bossuyt, 2009)	5785805	Raorchestes munnarensis (Biju & Bossuyt, 2009)	8	SPECIES	ACCEPTED	Animalia	1	Chordata	44	Amphibia	131	Anura	952	Rhacophoridae	3096	Raorchestes	8999549	Raorchestes munnarensis	5785805	CR
1427955	Libellula angelina Selys, 1883	1427955	Libellula angelina Selys, 1883	17	SPECIES	ACCEPTED	Animalia	1	Arthropoda	54	Insecta	216	Odonata	789	Libellulidae	5936	Libellula	1427882	Libellula angelina	1427955	CR
2441368	Alligator sinensis Fauvel, 1879	2441368	Alligator sinensis Fauvel, 1879	10	SPECIES	ACCEPTED	Animalia	1	Chordata	44	Crocodylia	11493978			Alligatoridae	3238603	Alligator	2441367	Alligator sinensis	2441368	CR
5219638	Manis pentadactyla Linnaeus, 1758	5219638	Manis pentadactyla Linnaeus, 1758	19	SPECIES	ACCEPTED	Animalia	1	Chordata	44	Mammalia	359	Pholidota	796	Manidae	5480	Manis	2437177	Manis pentadactyla	5219638	CR
5298480	Iris atropurpurea Baker	5298480	Iris atropurpurea Baker	363	SPECIES	ACCEPTED	Plantae	6	Tracheophyta	7707728	Liliopsida	196	Asparagales	1169	Iridaceae	7698	Iris	2748017	Iris atropurpurea	5298480	CR
5960730	Cophotis dumbara Samarawickrama, Ranawana, Rajapaksha, Ananjeva, Orlov, Ranasinghe & Samarawickrama, 2006	5960730	Cophotis dumbara Samarawickrama, Ranawana, Rajapaksha, Ananjeva, Orlov, Ranasinghe & Samarawickrama, 2006	3	SPECIES	ACCEPTED	Animalia	1	Chordata	44	Squamata	11592253			Agamidae	9199	Cophotis	2465677	Cophotis dumbara	5960730	CR
2875961	Carpinus putoensis W.C.Cheng	2875961	Carpinus putoensis W.C.Cheng	11	SPECIES	ACCEPTED	Plantae	6	Tracheophyta	7707728	Magnoliopsida	220	Fagales	1354	Betulaceae	4688	Carpinus	2875770	Carpinus putoensis	2875961	CR
3172348	Fraxinus pennsylvanica Marshall	3172348	Fraxinus pennsylvanica Marshall	65	SPECIES	ACCEPTED	Plantae	6	Tracheophyta	7707728	Magnoliopsida	220	Lamiales	408	Oleaceae	6652	Fraxinus	3172323	Fraxinus pennsylvanica	3172348	CR
1421523	Protosticta rozendalorum van Tol, 2000	1421523	Protosticta rozendalorum van Tol, 2000	1	SPECIES	ACCEPTED	Animalia	1	Arthropoda	54	Insecta	216	Odonata	789	Platystictidae	9403	Protosticta	1421491	Protosticta rozendalorum	1421523	CR
8841716	Eretmochelys imbricata (Linnaeus, 1766)	8841716	Eretmochelys imbricata (Linnaeus, 1766)	165	SPECIES	ACCEPTED	Animalia	1	Chordata	44	Testudines	11418114			Cheloniidae	9413	Eretmochelys	2442206	Eretmochelys imbricata	8841716	CR
5707420	Pongo abelii Lesson, 1827	5707420	Pongo abelii Lesson, 1827	55	SPECIES	ACCEPTED	Animalia	1	Chordata	44	Mammalia	359	Primates	798	Hominidae	5483	Pongo	5219531	Pongo abelii	5707420	CR
8220468	Troglophilus alanyaensis Taylan, Di Russo, Cobolli & Rampini, 2012	8220468	Troglophilus alanyaensis Taylan, Di Russo, Cobolli & Rampini, 2012	7	SPECIES	ACCEPTED	Animalia	1	Arthropoda	54	Insecta	216	Orthoptera	1458	Rhaphidophoridae	8223	Troglophilus	1729796	Troglophilus alanyaensis	8220468	CR
2475951	Rhinoplax vigil (Pennant, 1781)	2475951	Rhinoplax vigil (Pennant, 1781)	30	SPECIES	ACCEPTED	Animalia	1	Chordata	44	Aves	212	Bucerotiformes	716	Bucerotidae	9720	Rhinoplax	2475950	Rhinoplax vigil	2475951	CR
6454959	Caridina dennerli von Rintelen & Cai, 2009	6454959	Caridina dennerli von Rintelen & Cai, 2009	4	SPECIES	ACCEPTED	Animalia	1	Arthropoda	54	Malacostraca	229	Decapoda	637	Atyidae	4475	Caridina	2223051	Caridina dennerli	6454959	CR
2438704	Cricetus cricetus (Linnaeus, 1758)	2438704	Cricetus cricetus (Linnaeus, 1758)	14	SPECIES	ACCEPTED	Animalia	1	Chordata	44	Mammalia	359	Rodentia	1459	Cricetidae	3240723	Cricetus	2438703	Cricetus cricetus	2438704	CR
2441348	Crocodylus siamensis Schneider, 1801	2441348	Crocodylus siamensis Schneider, 1801	30	SPECIES	ACCEPTED	Animalia	1	Chordata	44	Crocodylia	11493978			Crocodylidae	5685	Crocodylus	2441321	Crocodylus siamensis	2441348	CR
2486118	Pycnonotus zeylanicus (Gmelin, 1789)	2486118	Pycnonotus zeylanicus (Gmelin, 1789)	140	SPECIES	ACCEPTED	Animalia	1	Chordata	44	Aves	212	Passeriformes	729	Pycnonotidae	5277	Pycnonotus	2486114	Pycnonotus zeylanicus	2486118	CR
2479893	Cacatua sulphurea (Gmelin, 1788)	2479893	Cacatua sulphurea (Gmelin, 1788)	92	SPECIES	ACCEPTED	Animalia	1	Chordata	44	Aves	212	Psittaciformes	1445	Psittacidae	9340	Cacatua	2479869	Cacatua sulphurea	2479893	CR
5219532	Pongo pygmaeus (Linnaeus, 1760)	5219532	Pongo pygmaeus (Linnaeus, 1760)	143	SPECIES	ACCEPTED	Animalia	1	Chordata	44	Mammalia	359	Primates	798	Hominidae	5483	Pongo	5219531	Pongo pygmaeus	5219532	CR
2441067	Saiga tatarica (Linnaeus, 1766)	2441067	Saiga tatarica (Linnaeus, 1766)	19	SPECIES	ACCEPTED	Animalia	1	Chordata	44	Mammalia	359	Artiodactyla	731	Bovidae	9614	Saiga	2441066	Saiga tatarica	2441067	CR
2443393	Mauremys mutica (Cantor, 1842)	2443393	Mauremys mutica (Cantor, 1842)	74	SPECIES	ACCEPTED	Animalia	1	Chordata	44	Testudines	11418114			Geoemydidae	5463	Mauremys	9245902	Mauremys mutica	2443393	CR
9636932	Zingiber singapurense Škorničk.	9636932	Zingiber singapurense Škorničk.	1	SPECIES	ACCEPTED	Plantae	6	Tracheophyta	7707728	Liliopsida	196	Zingiberales	627	Zingiberaceae	4687	Zingiber	2756693	Zingiber singapurense	9636932	CR
5707419	Pongo pygmaeus morio (Owen, 1837)	5707419	Pongo pygmaeus morio (Owen, 1837)	62	SUBSPECIES	ACCEPTED	Animalia	1	Chordata	44	Mammalia	359	Primates	798	Hominidae	5483	Pongo	5219531	Pongo pygmaeus	5219532	CR
3790802	Euonymus pallidifolius Hayata	3790802	Euonymus pallidifolius Hayata	4	SPECIES	ACCEPTED	Plantae	6	Tracheophyta	7707728	Magnoliopsida	220	Celastrales	950	Celastraceae	6715	Euonymus	3169115	Euonymus pallidifolius	3790802	CR
5219562	Presbytis femoralis (Martin, 1838)	5219562	Presbytis femoralis (Martin, 1838)	32	SPECIES	ACCEPTED	Animalia	1	Chordata	44	Mammalia	359	Primates	798	Cercopithecidae	9622	Presbytis	3239596	Presbytis femoralis	5219562	CR
10768316	Microhyla beilunensis Zhang, Fei, Ye, Wang, Wang & Jiang, 2018	10768316	Microhyla beilunensis Zhang, Fei, Ye, Wang, Wang & Jiang, 2018	20	SPECIES	ACCEPTED	Animalia	1	Chordata	44	Amphibia	131	Anura	952	Microhylidae	6741	Microhyla	2422089	Microhyla beilunensis	10768316	CR
2443332	Heosemys annandalii (Boulenger, 1903)	2443332	Heosemys annandalii (Boulenger, 1903)	118	SPECIES	ACCEPTED	Animalia	1	Chordata	44	Testudines	11418114			Geoemydidae	5463	Heosemys	2443325	Heosemys annandalii	2443332	CR
2480383	Gyps bengalensis (Gmelin, 1788)	2480383	Gyps bengalensis (Gmelin, 1788)	62	SPECIES	ACCEPTED	Animalia	1	Chordata	44	Aves	212	Accipitriformes	7191147	Accipitridae	2877	Gyps	2480382	Gyps bengalensis	2480383	CR
5960852	Vipera darevskii Vedmederja, Orlov & Tuniyev, 1986	5960852	Vipera darevskii Vedmederja, Orlov & Tuniyev, 1986	3	SPECIES	ACCEPTED	Animalia	1	Chordata	44	Squamata	11592253			Viperidae	5024	Vipera	2469892	Vipera darevskii	5960852	CR
7262019	Trachypithecus poliocephalus (Trouessart, 1911)	7262019	Trachypithecus poliocephalus (Trouessart, 1911)	4	SPECIES	ACCEPTED	Animalia	1	Chordata	44	Mammalia	359	Primates	798	Cercopithecidae	9622	Trachypithecus	2436533	Trachypithecus poliocephalus	7262019	CR
2441830	Manouria emys (Schlegel & Müller, 1844)	2441830	Manouria emys (Schlegel & Müller, 1844)	12	SPECIES	ACCEPTED	Animalia	1	Chordata	44	Testudines	11418114			Testudinidae	9618	Manouria	2441822	Manouria emys	2441830	CR
2739207	Loxococcus rupicola (Thwaites) H.Wendl. & Drude	2739207	Loxococcus rupicola (Thwaites) H.Wendl. & Drude	1	SPECIES	ACCEPTED	Plantae	6	Tracheophyta	7707728	Liliopsida	196	Arecales	552	Arecaceae	7681	Loxococcus	2739206	Loxococcus rupicola	2739207	CR
7295838	Diospyros vaccinioides Lindl.	7295838	Diospyros vaccinioides Lindl.	9	SPECIES	ACCEPTED	Plantae	6	Tracheophyta	7707728	Magnoliopsida	220	Ericales	1353	Ebenaceae	6709	Diospyros	3030169	Diospyros vaccinioides	7295838	CR
7796151	Gracupica jalla (Horsfield, 1821)	6091893	Gracupica contra jalla (Horsfield, 1821)	3	SPECIES	SYNONYM	Animalia	1	Chordata	44	Aves	212	Passeriformes	729	Sturnidae	9350	Gracupica	8213327	Gracupica contra	7341597	CR
8988151	Semnopithecus vetulus nestor Bennett, 1833	8988151	Semnopithecus vetulus nestor Bennett, 1833	12	SUBSPECIES	ACCEPTED	Animalia	1	Chordata	44	Mammalia	359	Primates	798	Cercopithecidae	9622	Semnopithecus	2436563	Semnopithecus vetulus	7460229	CR
3067513	Euphorbia geroldii Rauh	3067513	Euphorbia geroldii Rauh	6	SPECIES	ACCEPTED	Plantae	6	Tracheophyta	7707728	Magnoliopsida	220	Malpighiales	1414	Euphorbiaceae	4691	Euphorbia	11397237	Euphorbia geroldii	3067513	CR
5785933	Pseudophilautus amboli (Biju & Bossuyt, 2009)	5785933	Pseudophilautus amboli (Biju & Bossuyt, 2009)	16	SPECIES	ACCEPTED	Animalia	1	Chordata	44	Amphibia	131	Anura	952	Rhacophoridae	3096	Pseudophilautus	4816351	Pseudophilautus amboli	5785933	CR
9531123	Leucogeranus leucogeranus (Pallas, 1773)	2474961	Grus leucogeranus Pallas, 1773	68	SPECIES	SYNONYM	Animalia	1	Chordata	44	Aves	212	Gruiformes	1493	Gruidae	9313	Grus	2474940	Grus leucogeranus	2474961	CR
4097452	Dipterocarpus cornutus Dyer	4097452	Dipterocarpus cornutus Dyer	3	SPECIES	ACCEPTED	Plantae	6	Tracheophyta	7707728	Magnoliopsida	220	Malvales	941	Dipterocarpaceae	6645	Dipterocarpus	7299001	Dipterocarpus cornutus	4097452	CR
2443336	Heosemys grandis (Gray, 1860)	2443336	Heosemys grandis (Gray, 1860)	9	SPECIES	ACCEPTED	Animalia	1	Chordata	44	Testudines	11418114			Geoemydidae	5463	Heosemys	2443325	Heosemys grandis	2443336	CR
9341842	Glaucostegus obtusus (Müller & Henle, 1841)	9341842	Glaucostegus obtusus (Müller & Henle, 1841)	2	SPECIES	ACCEPTED	Animalia	1	Chordata	44	Elasmobranchii	121	Rhinopristiformes	9412443	Glaucostegidae	9620830	Glaucostegus	2418914	Glaucostegus obtusus	9341842	CR
2443466	Orlitia borneensis Gray, 1873	2443466	Orlitia borneensis Gray, 1873	5	SPECIES	ACCEPTED	Animalia	1	Chordata	44	Testudines	11418114			Geoemydidae	5463	Orlitia	2443465	Orlitia borneensis	2443466	CR
2480717	Sarcogyps calvus (Scopoli, 1786)	2480717	Sarcogyps calvus (Scopoli, 1786)	40	SPECIES	ACCEPTED	Animalia	1	Chordata	44	Aves	212	Accipitriformes	7191147	Accipitridae	2877	Sarcogyps	2480716	Sarcogyps calvus	2480717	CR
4267062	Trachypithecus delacouri (Osgood, 1932)	4267062	Trachypithecus delacouri (Osgood, 1932)	26	SPECIES	ACCEPTED	Animalia	1	Chordata	44	Mammalia	359	Primates	798	Cercopithecidae	9622	Trachypithecus	2436533	Trachypithecus delacouri	4267062	CR
2441238	Camelus bactrianus Linnaeus, 1758	2441238	Camelus bactrianus Linnaeus, 1758	45	SPECIES	ACCEPTED	Animalia	1	Chordata	44	Mammalia	359	Artiodactyla	731	Camelidae	5716	Camelus	2441236	Camelus bactrianus	2441238	CR
2431818	Echinotriton chinhaiensis (Chang, 1932)	2431818	Echinotriton chinhaiensis (Chang, 1932)	17	SPECIES	ACCEPTED	Animalia	1	Chordata	44	Amphibia	131	Caudata	953	Salamandridae	6750	Echinotriton	2431816	Echinotriton chinhaiensis	2431818	CR
2436529	Pygathrix nemaeus (Linnaeus, 1771)	2436529	Pygathrix nemaeus (Linnaeus, 1771)	58	SPECIES	ACCEPTED	Animalia	1	Chordata	44	Mammalia	359	Primates	798	Cercopithecidae	9622	Pygathrix	2436527	Pygathrix nemaeus	2436529	CR
2436616	Macaca nigra (Desmarest, 1822)	2436616	Macaca nigra (Desmarest, 1822)	36	SPECIES	ACCEPTED	Animalia	1	Chordata	44	Mammalia	359	Primates	798	Cercopithecidae	9622	Macaca	2436602	Macaca nigra	2436616	CR
10658506	Calidris pygmaea (Linnaeus, 1758)	10658506	Calidris pygmaea (Linnaeus, 1758)	117	SPECIES	ACCEPTED	Animalia	1	Chordata	44	Aves	212	Charadriiformes	7192402	Scolopacidae	5282	Calidris	2481739	Calidris pygmaea	10658506	CR
3617566	Ochrosia oppositifolia (Lam.) K.Schum.	3617566	Ochrosia oppositifolia (Lam.) K.Schum.	7	SPECIES	ACCEPTED	Plantae	6	Tracheophyta	7707728	Magnoliopsida	220	Gentianales	412	Apocynaceae	6701	Ochrosia	3169632	Ochrosia oppositifolia	3617566	CR
2418789	Sphyrna lewini (Griffith & Smith, 1834)	2418789	Sphyrna lewini (Griffith & Smith, 1834)	12	SPECIES	ACCEPTED	Animalia	1	Chordata	44	Elasmobranchii	121	Carcharhiniformes	887	Sphyrnidae	2207	Sphyrna	2418788	Sphyrna lewini	2418789	CR
5785853	Raorchestes griet (Bossuyt, 2002)	5785853	Raorchestes griet (Bossuyt, 2002)	2	SPECIES	ACCEPTED	Animalia	1	Chordata	44	Amphibia	131	Anura	952	Rhacophoridae	3096	Raorchestes	8999549	Raorchestes griet	5785853	CR
5789403	Batagur borneoensis (Schlegel & Müller, 1844)	5789403	Batagur borneoensis (Schlegel & Müller, 1844)	5	SPECIES	ACCEPTED	Animalia	1	Chordata	44	Testudines	11418114			Geoemydidae	5463	Batagur	2443697	Batagur borneoensis	5789403	CR
10816338	Trachypithecus popa Roos, Helgen et al., 2020	10816338	Trachypithecus popa Roos, Helgen et al., 2020	1	SPECIES	ACCEPTED	Animalia	1	Chordata	44	Mammalia	359	Primates	798	Cercopithecidae	9622	Trachypithecus	2436533	Trachypithecus popa	10816338	CR
4850076	Gyps tenuirostris G.R.Gray, 1844	4850076	Gyps tenuirostris G.R.Gray, 1844	15	SPECIES	ACCEPTED	Animalia	1	Chordata	44	Aves	212	Accipitriformes	7191147	Accipitridae	2877	Gyps	2480382	Gyps tenuirostris	4850076	CR
2498260	Aythya baeri (Radde, 1863)	2498260	Aythya baeri (Radde, 1863)	17	SPECIES	ACCEPTED	Animalia	1	Chordata	44	Aves	212	Anseriformes	1108	Anatidae	2986	Aythya	2498254	Aythya baeri	2498260	CR
5219628	Manis javanica Desmarest, 1822	5219628	Manis javanica Desmarest, 1822	24	SPECIES	ACCEPTED	Animalia	1	Chordata	44	Mammalia	359	Pholidota	796	Manidae	5480	Manis	2437177	Manis javanica	5219628	CR
7532383	Glaucostegus cemiculus (Geoffroy Saint-Hilaire, 1817)	7532383	Glaucostegus cemiculus (Geoffroy Saint-Hilaire, 1817)	1	SPECIES	ACCEPTED	Animalia	1	Chordata	44	Elasmobranchii	121	Rhinopristiformes	9412443	Glaucostegidae	9620830	Glaucostegus	2418914	Glaucostegus cemiculus	7532383	CR
2875817	Carpinus hebestroma Yamam.	2875817	Carpinus hebestroma Yamam.	1	SPECIES	ACCEPTED	Plantae	6	Tracheophyta	7707728	Magnoliopsida	220	Fagales	1354	Betulaceae	4688	Carpinus	2875770	Carpinus hebestroma	2875817	CR
5228002	Lophura erythrophthalma (Raffles, 1822)	5228002	Lophura erythrophthalma (Raffles, 1822)	1	SPECIES	ACCEPTED	Animalia	1	Chordata	44	Aves	212	Galliformes	723	Phasianidae	9331	Lophura	2473973	Lophura erythrophthalma	5228002	CR
7744913	Sousa chinensis taiwanensis Wang, Yang & Hung, 2015	7744913	Sousa chinensis taiwanensis Wang, Yang & Hung, 2015	1	SUBSPECIES	ACCEPTED	Animalia	1	Chordata	44	Mammalia	359	Cetacea	733	Delphinidae	5314	Sousa	2440494	Sousa chinensis	2440495	CR
2496389	Carpococcyx viridis Salvadori, 1879	2496389	Carpococcyx viridis Salvadori, 1879	18	SPECIES	ACCEPTED	Animalia	1	Chordata	44	Aves	212	Cuculiformes	1492	Cuculidae	9309	Carpococcyx	2496387	Carpococcyx viridis	2496389	CR
5229138	Vanellus gregarius (Pallas, 1771)	5229138	Vanellus gregarius (Pallas, 1771)	27	SPECIES	ACCEPTED	Animalia	1	Chordata	44	Aves	212	Charadriiformes	7192402	Charadriidae	2480210	Vanellus	3242344	Vanellus gregarius	5229138	CR
5789375	Dendrocopos noguchii (Seebohm, 1887)	5789375	Dendrocopos noguchii (Seebohm, 1887)	10	SPECIES	ACCEPTED	Animalia	1	Chordata	44	Aves	212	Piciformes	724	Picidae	9333	Dendrocopos	2477899	Dendrocopos noguchii	5789375	CR
2474855	Houbaropsis bengalensis (Gmelin, 1789)	2474855	Houbaropsis bengalensis (Gmelin, 1789)	6	SPECIES	ACCEPTED	Animalia	1	Chordata	44	Aves	212	Otidiformes	8708973	Otididae	9610	Houbaropsis	2474854	Houbaropsis bengalensis	2474855	CR
2480385	Gyps indicus (Scopoli, 1786)	2480385	Gyps indicus (Scopoli, 1786)	61	SPECIES	ACCEPTED	Animalia	1	Chordata	44	Aves	212	Accipitriformes	7191147	Accipitridae	2877	Gyps	2480382	Gyps indicus	2480385	CR
8322991	Cacatua citrinocristata (Fraser, 1844)	6170585	Cacatua sulphurea citrinocristata (Fraser, 1844)	10	SPECIES	SYNONYM	Animalia	1	Chordata	44	Aves	212	Psittaciformes	1445	Psittacidae	9340	Cacatua	2479869	Cacatua sulphurea	2479893	CR
5789018	Liocichla bugunorum Athreya, 2006	5789018	Liocichla bugunorum Athreya, 2006	8	SPECIES	ACCEPTED	Animalia	1	Chordata	44	Aves	212	Passeriformes	729	Leiothrichidae	6101112	Liocichla	2493326	Liocichla bugunorum	5789018	CR
2441511	Testudo kleinmanni Lortet, 1883	2441511	Testudo kleinmanni Lortet, 1883	18	SPECIES	ACCEPTED	Animalia	1	Chordata	44	Testudines	11418114			Testudinidae	9618	Testudo	2441658	Testudo kleinmanni	2441511	CR
5212973	Anguilla anguilla (Linnaeus, 1758)	5212973	Anguilla anguilla (Linnaeus, 1758)	10	SPECIES	ACCEPTED	Animalia	1	Chordata	44			Anguilliformes	495	Anguillidae	2949	Anguilla	2403092	Anguilla anguilla	5212973	CR
5785909	Pseudophilautus stuarti (Meegaskumbura & Manamendra-Arachchi, 2005)	5785909	Pseudophilautus stuarti (Meegaskumbura & Manamendra-Arachchi, 2005)	4	SPECIES	ACCEPTED	Animalia	1	Chordata	44	Amphibia	131	Anura	952	Rhacophoridae	3096	Pseudophilautus	4816351	Pseudophilautus stuarti	5785909	CR
2418792	Sphyrna mokarran (Rüppell, 1837)	2418792	Sphyrna mokarran (Rüppell, 1837)	1	SPECIES	ACCEPTED	Animalia	1	Chordata	44	Elasmobranchii	121	Carcharhiniformes	887	Sphyrnidae	2207	Sphyrna	2418788	Sphyrna mokarran	2418792	CR
10712760	Nepenthes tboli Jebb & Cheek	10712760	Nepenthes tboli Jebb & Cheek	1	SPECIES	ACCEPTED	Plantae	6	Tracheophyta	7707728	Magnoliopsida	220	Caryophyllales	422	Nepenthaceae	6682	Nepenthes	3190711	Nepenthes tboli	10712760	CR
6065837	Thalasseus bernsteini (Schlegel, 1863)	6065837	Thalasseus bernsteini (Schlegel, 1863)	16	SPECIES	ACCEPTED	Animalia	1	Chordata	44	Aves	212	Charadriiformes	7192402	Laridae	9316	Thalasseus	9109074	Thalasseus bernsteini	6065837	CR
2442549	Nilssonia nigricans (Anderson, 1875)	2442549	Nilssonia nigricans (Anderson, 1875)	4	SPECIES	ACCEPTED	Animalia	1	Chordata	44	Testudines	11418114			Trionychidae	5469	Nilssonia	10840541	Nilssonia nigricans	2442549	CR
2422138	Leptophryne cruentata (Tschudi, 1838)	2422138	Leptophryne cruentata (Tschudi, 1838)	16	SPECIES	ACCEPTED	Animalia	1	Chordata	44	Amphibia	131	Anura	952	Bufonidae	6727	Leptophryne	2422135	Leptophryne cruentata	2422138	CR
5960103	Cyrtodactylus chanhomeae Bauer, Sumontha & Pauwels, 2003	5960103	Cyrtodactylus chanhomeae Bauer, Sumontha & Pauwels, 2003	8	SPECIES	ACCEPTED	Animalia	1	Chordata	44	Squamata	11592253			Gekkonidae	5666	Cyrtodactylus	2446984	Cyrtodactylus chanhomeae	5960103	CR
5707418	Pongo pygmaeus wurmbii (Tiedemann, 1808)	5707418	Pongo pygmaeus wurmbii (Tiedemann, 1808)	20	SUBSPECIES	ACCEPTED	Animalia	1	Chordata	44	Mammalia	359	Primates	798	Hominidae	5483	Pongo	5219531	Pongo pygmaeus	5219532	CR
9089500	Polyommatus bollandi Dumont, 1998	9089500	Polyommatus bollandi Dumont, 1998	1	SPECIES	ACCEPTED	Animalia	1	Arthropoda	54	Insecta	216	Lepidoptera	797	Lycaenidae	5473	Polyommatus	1933268	Polyommatus bollandi	9089500	CR
3591076	Camellia azalea C.F.Wei	3591076	Camellia azalea C.F.Wei	3	SPECIES	ACCEPTED	Plantae	6	Tracheophyta	7707728	Magnoliopsida	220	Ericales	1353	Theaceae	3189597	Camellia	3189634	Camellia azalea	3591076	CR
4988354	Calathus melanocephalus (Linnaeus, 1758)	4988354	Calathus melanocephalus (Linnaeus, 1758)	2	SPECIES	ACCEPTED	Animalia	1	Arthropoda	54	Insecta	216	Coleoptera	1470	Carabidae	3792	Calathus	4988347	Calathus melanocephalus	4988354	CR
8413148	Parosphromenus gunawani Schindler & Linke, 2012	8413148	Parosphromenus gunawani Schindler & Linke, 2012	1	SPECIES	ACCEPTED	Animalia	1	Chordata	44			Perciformes	587	Osphronemidae	8553	Parosphromenus	2394169	Parosphromenus gunawani	8413148	CR
2443289	Pangshura sylhetensis Jerdon, 1870	2443289	Pangshura sylhetensis Jerdon, 1870	9	SPECIES	ACCEPTED	Animalia	1	Chordata	44	Testudines	11418114			Geoemydidae	5463	Pangshura	2443615	Pangshura sylhetensis	2443289	CR
5317472	Dendrobium officinale Kimura & Migo	5317472	Dendrobium officinale Kimura & Migo	14	SPECIES	ACCEPTED	Plantae	6	Tracheophyta	7707728	Liliopsida	196	Asparagales	1169	Orchidaceae	7689	Dendrobium	2821327	Dendrobium officinale	5317472	CR
2418915	Glaucostegus granulatus (Cuvier, 1829)	2418915	Glaucostegus granulatus (Cuvier, 1829)	2	SPECIES	ACCEPTED	Animalia	1	Chordata	44	Elasmobranchii	121	Rhinopristiformes	9412443	Glaucostegidae	9620830	Glaucostegus	2418914	Glaucostegus granulatus	2418915	CR
4267165	Pygathrix cinerea Nadler, 1997	4267165	Pygathrix cinerea Nadler, 1997	5	SPECIES	ACCEPTED	Animalia	1	Chordata	44	Mammalia	359	Primates	798	Cercopithecidae	9622	Pygathrix	2436527	Pygathrix cinerea	4267165	CR
2968506	Dalbergia cochinchinensis Pierre	2968506	Dalbergia cochinchinensis Pierre	1	SPECIES	ACCEPTED	Plantae	6	Tracheophyta	7707728	Magnoliopsida	220	Fabales	1370	Fabaceae	5386	Dalbergia	2968358	Dalbergia cochinchinensis	2968506	CR
2442517	Nilssonia leithii (Gray, 1872)	2442517	Nilssonia leithii (Gray, 1872)	2	SPECIES	ACCEPTED	Animalia	1	Chordata	44	Testudines	11418114			Trionychidae	5469	Nilssonia	10840541	Nilssonia leithii	2442517	CR
2480930	Ardea insignis Hume, 1878	2480930	Ardea insignis Hume, 1878	6	SPECIES	ACCEPTED	Animalia	1	Chordata	44	Aves	212	Pelecaniformes	7190953	Ardeidae	3685	Ardea	2480922	Ardea insignis	2480930	CR
2825572	Paphiopedilum fowliei Birk	2825572	Paphiopedilum fowliei Birk	1	SPECIES	ACCEPTED	Plantae	6	Tracheophyta	7707728	Liliopsida	196	Asparagales	1169	Orchidaceae	7689	Paphiopedilum	2825152	Paphiopedilum fowliei	2825572	CR
9303117	Allium akirense N.Friesen & Fragman	9303117	Allium akirense N.Friesen & Fragman	8	SPECIES	ACCEPTED	Plantae	6	Tracheophyta	7707728	Liliopsida	196	Asparagales	1169	Amaryllidaceae	7682	Allium	9624496	Allium akirense	9303117	CR
5790891	Parathelphusa reticulata Ng, 1990	5790891	Parathelphusa reticulata Ng, 1990	8	SPECIES	ACCEPTED	Animalia	1	Arthropoda	54	Malacostraca	229	Decapoda	637	Gecarcinucidae	3254308	Parathelphusa	3254315	Parathelphusa reticulata	5790891	CR
8958380	Pseudophilotes sinaicus Nakamura, 1975	8958380	Pseudophilotes sinaicus Nakamura, 1975	1	SPECIES	ACCEPTED	Animalia	1	Arthropoda	54	Insecta	216	Lepidoptera	797	Lycaenidae	5473	Pseudophilotes	1922569	Pseudophilotes sinaicus	8958380	CR
5785809	Raorchestes ponmudi (Biju & Bossuyt, 2005)	5785809	Raorchestes ponmudi (Biju & Bossuyt, 2005)	5	SPECIES	ACCEPTED	Animalia	1	Chordata	44	Amphibia	131	Anura	952	Rhacophoridae	3096	Raorchestes	8999549	Raorchestes ponmudi	5785809	CR
2418919	Glaucostegus halavi (Forsskål, 1775)	2418919	Glaucostegus halavi (Forsskål, 1775)	2	SPECIES	ACCEPTED	Animalia	1	Chordata	44	Elasmobranchii	121	Rhinopristiformes	9412443	Glaucostegidae	9620830	Glaucostegus	2418914	Glaucostegus halavi	2418919	CR
4097456	Shorea platycarpa F.Heim	4097456	Shorea platycarpa F.Heim	1	SPECIES	ACCEPTED	Plantae	6	Tracheophyta	7707728	Magnoliopsida	220	Malvales	941	Dipterocarpaceae	6645	Shorea	10803341	Shorea platycarpa	4097456	CR
4938926	Aristolochia westlandii Hemsl.	3589367	Isotrema westlandii (Hemsl.) H.Huber	2	SPECIES	SYNONYM	Plantae	6	Tracheophyta	7707728	Magnoliopsida	220	Piperales	404	Aristolochiaceae	3066	Isotrema	7313702	Isotrema westlandii	3589367	CR
5310649	Gastrochilus calceolaris (Buch.-Ham. ex Sm.) D.Don	5310649	Gastrochilus calceolaris (Buch.-Ham. ex Sm.) D.Don	4	SPECIES	ACCEPTED	Plantae	6	Tracheophyta	7707728	Liliopsida	196	Asparagales	1169	Orchidaceae	7689	Gastrochilus	2804118	Gastrochilus calceolaris	5310649	CR
5790913	Ceylonthelphusa sanguinea (Ng, 1995)	5790913	Ceylonthelphusa sanguinea (Ng, 1995)	2	SPECIES	ACCEPTED	Animalia	1	Arthropoda	54	Malacostraca	229	Decapoda	637	Gecarcinucidae	3254308	Ceylonthelphusa	4644508	Ceylonthelphusa sanguinea	5790913	CR
5668901	Hopea mengarawan Miq.	5668901	Hopea mengarawan Miq.	2	SPECIES	ACCEPTED	Plantae	6	Tracheophyta	7707728	Magnoliopsida	220	Malvales	941	Dipterocarpaceae	6645	Hopea	3189685	Hopea mengarawan	5668901	CR
10989354	Pterorhinus courtoisi (Ménégaux, 1923)	7340787	Garrulax courtoisi Menegaux, 1923	11	SPECIES	SYNONYM	Animalia	1	Chordata	44	Aves	212	Passeriformes	729	Leiothrichidae	6101112	Garrulax	2493438	Garrulax courtoisi	7340787	CR
2418995	Rhinobatos schlegelii Müller & Henle, 1841	2418995	Rhinobatos schlegelii Müller & Henle, 1841	2	SPECIES	ACCEPTED	Animalia	1	Chordata	44	Elasmobranchii	121	Rhinopristiformes	9412443	Rhinobatidae	5876	Rhinobatos	2418989	Rhinobatos schlegelii	2418995	CR
2417801	Squatina japonica Bleeker, 1858	2417801	Squatina japonica Bleeker, 1858	1	SPECIES	ACCEPTED	Animalia	1	Chordata	44	Elasmobranchii	121	Squatiniformes	882	Squatinidae	2185	Squatina	9069902	Squatina japonica	2417801	CR
7596462	Lamprotula triclava (Heude, 1877)	7596462	Lamprotula triclava (Heude, 1877)	1	SPECIES	ACCEPTED	Animalia	1	Mollusca	52	Bivalvia	137	Unionida	9301143	Unionidae	3461	Lamprotula	4592838	Lamprotula triclava	7596462	CR
9522277	Sarada superba Deepak, Zambre, Bhosale & Giri, 2016	9522277	Sarada superba Deepak, Zambre, Bhosale & Giri, 2016	2	SPECIES	ACCEPTED	Animalia	1	Chordata	44	Squamata	11592253			Agamidae	9199	Sarada	9632280	Sarada superba	9522277	CR
3992808	Commiphora wightii (Arn.) Bhandari	3992808	Commiphora wightii (Arn.) Bhandari	8	SPECIES	ACCEPTED	Plantae	6	Tracheophyta	7707728	Magnoliopsida	220	Sapindales	933	Burseraceae	6659	Commiphora	2972896	Commiphora wightii	3992808	CR
6066666	Gekko lauhachindai Panitvong, Sumontha, Konlek & Kunya, 2010	6066666	Gekko lauhachindai Panitvong, Sumontha, Konlek & Kunya, 2010	4	SPECIES	ACCEPTED	Animalia	1	Chordata	44	Squamata	11592253			Gekkonidae	5666	Gekko	2447294	Gekko lauhachindai	6066666	CR
2825321	Paphiopedilum rothschildianum (Rchb.f.) Stein	2825321	Paphiopedilum rothschildianum (Rchb.f.) Stein	3	SPECIES	ACCEPTED	Plantae	6	Tracheophyta	7707728	Liliopsida	196	Asparagales	1169	Orchidaceae	7689	Paphiopedilum	2825152	Paphiopedilum rothschildianum	2825321	CR
2419310	Myliobatis aquila (Linnaeus, 1758)	2419310	Myliobatis aquila (Linnaeus, 1758)	1	SPECIES	ACCEPTED	Animalia	1	Chordata	44	Elasmobranchii	121	Myliobatiformes	8214029	Myliobatidae	2193	Myliobatis	10779164	Myliobatis aquila	2419310	CR
10743751	Raorchestes sushili (Biju & Bossuyt, 2009)	10743751	Raorchestes sushili (Biju & Bossuyt, 2009)	3	SPECIES	ACCEPTED	Animalia	1	Chordata	44	Amphibia	131	Anura	952	Rhacophoridae	3096	Raorchestes	8999549	Raorchestes sushili	10743751	CR
7854241	Acer buergerianum var. formosanum (Hayata ex Koidz.) Sasaki	7854241	Acer buergerianum var. formosanum (Hayata ex Koidz.) Sasaki	10	VARIETY	ACCEPTED	Plantae	6	Tracheophyta	7707728	Magnoliopsida	220	Sapindales	933	Sapindaceae	6657	Acer	3189834	Acer buergerianum	7100404	CR
5217279	Rhacophorus pseudomalabaricus Vasudevan & Dutta, 2000	5217279	Rhacophorus pseudomalabaricus Vasudevan & Dutta, 2000	15	SPECIES	ACCEPTED	Animalia	1	Chordata	44	Amphibia	131	Anura	952	Rhacophoridae	3096	Rhacophorus	2421577	Rhacophorus pseudomalabaricus	5217279	CR
2474902	Ardeotis nigriceps (Vigors, 1831)	2474902	Ardeotis nigriceps (Vigors, 1831)	5	SPECIES	ACCEPTED	Animalia	1	Chordata	44	Aves	212	Otidiformes	8708973	Otididae	9610	Ardeotis	8518978	Ardeotis nigriceps	2474902	CR
5786190	Macaca sinica opisthomelas Hill, 1942	5786190	Macaca sinica opisthomelas Hill, 1942	5	SUBSPECIES	ACCEPTED	Animalia	1	Chordata	44	Mammalia	359	Primates	798	Cercopithecidae	9622	Macaca	2436602	Macaca sinica	2436613	CR
9047657	Raorchestes resplendens Biju, Shouche, Dubois, Dutta & Bossuyt, 2010	9047657	Raorchestes resplendens Biju, Shouche, Dubois, Dutta & Bossuyt, 2010	4	SPECIES	ACCEPTED	Animalia	1	Chordata	44	Amphibia	131	Anura	952	Rhacophoridae	3096	Raorchestes	8999549	Raorchestes resplendens	9047657	CR
10799693	Schistura scripta Sudasinghe, 2018	10799693	Schistura scripta Sudasinghe, 2018	1	SPECIES	ACCEPTED	Animalia	1	Chordata	44			Cypriniformes	1153	Nemacheilidae	6759123	Schistura	2357673	Schistura scripta	10799693	CR
5963013	Rhina ancylostoma Bloch & Schneider, 1801	5963013	Rhina ancylostoma Bloch & Schneider, 1801	1	SPECIES	ACCEPTED	Animalia	1	Chordata	44	Elasmobranchii	121	Rhinopristiformes	9412443	Rhinidae	4288061	Rhina	10465616	Rhina ancylostoma	5963013	CR
4267270	Nomascus leucogenys (Ogilby, 1840)	4267270	Nomascus leucogenys (Ogilby, 1840)	7	SPECIES	ACCEPTED	Animalia	1	Chordata	44	Mammalia	359	Primates	798	Hylobatidae	5484	Nomascus	4267265	Nomascus leucogenys	4267270	CR
2443503	Cuora galbinifrons Bourret, 1939	2443503	Cuora galbinifrons Bourret, 1939	1	SPECIES	ACCEPTED	Animalia	1	Chordata	44	Testudines	11418114			Geoemydidae	5463	Cuora	2443496	Cuora galbinifrons	2443503	CR
7534958	Dipterocarpus hispidus Thwaites	7534958	Dipterocarpus hispidus Thwaites	2	SPECIES	ACCEPTED	Plantae	6	Tracheophyta	7707728	Magnoliopsida	220	Malvales	941	Dipterocarpaceae	6645	Dipterocarpus	7299001	Dipterocarpus hispidus	7534958	CR
10173397	Lankanectes pera Senevirathne, Samarawickrama, Wijayathilaka, Manamendra-Arachchi, Bowatte et al., 2018	10173397	Lankanectes pera Senevirathne, Samarawickrama, Wijayathilaka, Manamendra-Arachchi, Bowatte et al., 2018	2	SPECIES	ACCEPTED	Animalia	1	Chordata	44	Amphibia	131	Anura	952	Nyctibatrachidae	3090	Lankanectes	2429291	Lankanectes pera	10173397	CR
9779149	Pseudoscaphirhynchus kaufmanni (Kessler, 1877)	9779149	Pseudoscaphirhynchus kaufmanni (Kessler, 1877)	6	SPECIES	ACCEPTED	Animalia	1	Chordata	44			Acipenseriformes	1103	Acipenseridae	2947	Pseudoscaphirhynchus	2402091	Pseudoscaphirhynchus kaufmanni	9779149	CR
8651645	Pachytriton xanthospilos Wu, Wang & Hanken, 2012	8651645	Pachytriton xanthospilos Wu, Wang & Hanken, 2012	1	SPECIES	ACCEPTED	Animalia	1	Chordata	44	Amphibia	131	Caudata	953	Salamandridae	6750	Pachytriton	2431819	Pachytriton xanthospilos	8651645	CR
2418942	Rhynchobatus australiae Whitley, 1939	2418942	Rhynchobatus australiae Whitley, 1939	8	SPECIES	ACCEPTED	Animalia	1	Chordata	44	Elasmobranchii	121	Rhinopristiformes	9412443	Rhinidae	4288061	Rhynchobatus	9511783	Rhynchobatus australiae	2418942	CR
5219463	Elephas maximus sumatranus Temminck, 1847	5219463	Elephas maximus sumatranus Temminck, 1847	2	SUBSPECIES	ACCEPTED	Animalia	1	Chordata	44	Mammalia	359	Proboscidea	799	Elephantidae	9427	Elephas	2435351	Elephas maximus	5219461	CR
9121266	Pseudophilautus samarakoon Wickramasinghe, Vidanapathirana, Rajeev, Ariyarathne, Chanaka, Priyantha, Bandara et al., 2013	9121266	Pseudophilautus samarakoon Wickramasinghe, Vidanapathirana, Rajeev, Ariyarathne, Chanaka, Priyantha, Bandara et al., 2013	1	SPECIES	ACCEPTED	Animalia	1	Chordata	44	Amphibia	131	Anura	952	Rhacophoridae	3096	Pseudophilautus	4816351	Pseudophilautus samarakoon	9121266	CR
11021176	Raorchestes sanctisilvaticus (Das & Chanda, 1997)	2423714	Philautus sanctisilvaticus Das & Chanda, 1997	5	SPECIES	SYNONYM	Animalia	1	Chordata	44	Amphibia	131	Anura	952	Rhacophoridae	3096	Philautus	2421433	Philautus sanctisilvaticus	2423714	CR
5783242	Euchondrus ramonensis Granot, 1986	5783242	Euchondrus ramonensis Granot, 1986	2	SPECIES	ACCEPTED	Animalia	1	Mollusca	52	Gastropoda	225	Stylommatophora	1456	Enidae	2297508	Euchondrus	4566421	Euchondrus ramonensis	5783242	CR
8504955	Aetomylaeus bovinus (Geoffroy Saint-Hilaire, 1817)	8504955	Aetomylaeus bovinus (Geoffroy Saint-Hilaire, 1817)	4	SPECIES	ACCEPTED	Animalia	1	Chordata	44	Elasmobranchii	121	Myliobatiformes	8214029	Myliobatidae	2193	Aetomylaeus	2419251	Aetomylaeus bovinus	8504955	CR
5785947	Pseudophilautus poppiae (Meegaskumbura & Manamendra-Arachchi, 2005)	5785947	Pseudophilautus poppiae (Meegaskumbura & Manamendra-Arachchi, 2005)	1	SPECIES	ACCEPTED	Animalia	1	Chordata	44	Amphibia	131	Anura	952	Rhacophoridae	3096	Pseudophilautus	4816351	Pseudophilautus poppiae	5785947	CR
2431131	Pseudohynobius kuankuoshuiensis Xu & Zeng, 2007	2431131	Pseudohynobius kuankuoshuiensis Xu & Zeng, 2007	1	SPECIES	ACCEPTED	Animalia	1	Chordata	44	Amphibia	131	Caudata	953	Hynobiidae	3103	Pseudohynobius	2431127	Pseudohynobius kuankuoshuiensis	2431131	CR
2441215	Sus cebifrons Heude, 1888	2441215	Sus cebifrons Heude, 1888	1	SPECIES	ACCEPTED	Animalia	1	Chordata	44	Mammalia	359	Artiodactyla	731	Suidae	5302	Sus	2441213	Sus cebifrons	2441215	CR
9344331	Acroteriobatus variegatus (Nair & Lal Mohan, 1973)	9344331	Acroteriobatus variegatus (Nair & Lal Mohan, 1973)	2	SPECIES	ACCEPTED	Animalia	1	Chordata	44	Elasmobranchii	121	Rhinopristiformes	9412443	Rhinobatidae	5876	Acroteriobatus	4842851	Acroteriobatus variegatus	9344331	CR
5225891	Ceratophora erdeleni Pethiyagoda & Manamendra-Arachchi, 1998	5225891	Ceratophora erdeleni Pethiyagoda & Manamendra-Arachchi, 1998	2	SPECIES	ACCEPTED	Animalia	1	Chordata	44	Squamata	11592253			Agamidae	9199	Ceratophora	2465766	Ceratophora erdeleni	5225891	CR
2446931	Hemiphyllodactylus aurantiacus (Beddome, 1870)	2446931	Hemiphyllodactylus aurantiacus (Beddome, 1870)	1	SPECIES	ACCEPTED	Animalia	1	Chordata	44	Squamata	11592253			Gekkonidae	5666	Hemiphyllodactylus	2446912	Hemiphyllodactylus aurantiacus	2446931	CR
2474868	Sypheotides indicus (J.F.Miller, 1782)	2474868	Sypheotides indicus (J.F.Miller, 1782)	3	SPECIES	ACCEPTED	Animalia	1	Chordata	44	Aves	212	Otidiformes	8708973	Otididae	9610	Sypheotides	2474867	Sypheotides indicus	2474868	CR
4177372	Cryptocarya elliptifolia Merr.	4178664	Cryptocarya ampla Merr.	1	SPECIES	SYNONYM	Plantae	6	Tracheophyta	7707728	Magnoliopsida	220	Laurales	407	Lauraceae	6688	Cryptocarya	3011993	Cryptocarya ampla	4178664	CR
5789501	Montivipera wagneri (Nilson & Andrén, 1984)	5789501	Montivipera wagneri (Nilson & Andrén, 1984)	2	SPECIES	ACCEPTED	Animalia	1	Chordata	44	Squamata	11592253			Viperidae	5024	Montivipera	2444492	Montivipera wagneri	5789501	CR
5785894	Pseudophilautus mooreorum (Meegaskumbura & Manamendra-Arachchi, 2005)	5785894	Pseudophilautus mooreorum (Meegaskumbura & Manamendra-Arachchi, 2005)	1	SPECIES	ACCEPTED	Animalia	1	Chordata	44	Amphibia	131	Anura	952	Rhacophoridae	3096	Pseudophilautus	4816351	Pseudophilautus mooreorum	5785894	CR
2402096	Pseudoscaphirhynchus hermanni (Kessler, 1877)	2402096	Pseudoscaphirhynchus hermanni (Kessler, 1877)	1	SPECIES	ACCEPTED	Animalia	1	Chordata	44			Acipenseriformes	1103	Acipenseridae	2947	Pseudoscaphirhynchus	2402091	Pseudoscaphirhynchus hermanni	2402096	CR
10809299	Raorchestes chlorosomma (Biju & Bossuyt, 2009)	10809299	Raorchestes chlorosomma (Biju & Bossuyt, 2009)	8	SPECIES	ACCEPTED	Animalia	1	Chordata	44	Amphibia	131	Anura	952	Rhacophoridae	3096	Raorchestes	8999549	Raorchestes chlorosomma	10809299	CR
4096899	Dipterocarpus kunstleri King	4096899	Dipterocarpus kunstleri King	8	SPECIES	ACCEPTED	Plantae	6	Tracheophyta	7707728	Magnoliopsida	220	Malvales	941	Dipterocarpaceae	6645	Dipterocarpus	7299001	Dipterocarpus kunstleri	4096899	CR
4267149	Macaca pagensis (Miller, 1903)	4267149	Macaca pagensis (Miller, 1903)	1	SPECIES	ACCEPTED	Animalia	1	Chordata	44	Mammalia	359	Primates	798	Cercopithecidae	9622	Macaca	2436602	Macaca pagensis	4267149	CR
5627090	Lathyrus gloeosperma Warb. & Eig	5627090	Lathyrus gloeosperma Warb. & Eig	5	SPECIES	ACCEPTED	Plantae	6	Tracheophyta	7707728	Magnoliopsida	220	Fabales	1370	Fabaceae	5386	Lathyrus	10356062	Lathyrus gloeosperma	5627090	CR
2426619	Discoglossus nigriventer Mendelssohn & Steinitz, 1943	10851575	Latonia nigriventer (Mendelssohn & Steinitz, 1943)	3	SPECIES	SYNONYM	Animalia	1	Chordata	44	Amphibia	131	Anura	952	Alytidae	6726	Latonia	3241201	Latonia nigriventer	10851575	CR
2441884	Platysternon megacephalum Gray, 1831	2441884	Platysternon megacephalum Gray, 1831	9	SPECIES	ACCEPTED	Animalia	1	Chordata	44	Testudines	11418114			Platysternidae	4287906	Platysternon	2441883	Platysternon megacephalum	2441884	CR
2458202	Achalinus jinggangensis (Zong & Ma, 1983)	2458202	Achalinus jinggangensis (Zong & Ma, 1983)	3	SPECIES	ACCEPTED	Animalia	1	Chordata	44	Squamata	11592253			Xenodermidae	10196291	Achalinus	2458201	Achalinus jinggangensis	2458202	CR
5226708	Acanthodactylus beershebensis Moravec, El Din, Seligmann, Sivan & Werner, 1999	5226708	Acanthodactylus beershebensis Moravec, El Din, Seligmann, Sivan & Werner, 1999	27	SPECIES	ACCEPTED	Animalia	1	Chordata	44	Squamata	11592253			Lacertidae	5201	Acanthodactylus	11157634	Acanthodactylus beershebensis	5226708	CR
5545854	Pterospermum menglunense H.H.Hsue	5545854	Pterospermum menglunense H.H.Hsue	1	SPECIES	ACCEPTED	Plantae	6	Tracheophyta	7707728	Magnoliopsida	220	Malvales	941	Malvaceae	6685	Pterospermum	3233957	Pterospermum menglunense	5545854	CR
1320038	Aneuretus simoni Emery, 1893	1320038	Aneuretus simoni Emery, 1893	1	SPECIES	ACCEPTED	Animalia	1	Arthropoda	54	Insecta	216	Hymenoptera	1457	Formicidae	4342	Aneuretus	1320037	Aneuretus simoni	1320038	CR
2359467	Catlocarpio siamensis Boulenger, 1898	2359467	Catlocarpio siamensis Boulenger, 1898	1	SPECIES	ACCEPTED	Animalia	1	Chordata	44			Cypriniformes	1153	Cyprinidae	7336	Catlocarpio	2359466	Catlocarpio siamensis	2359467	CR
8591586	Batagur affinis affinis	8591586	Batagur affinis affinis	1	SUBSPECIES	ACCEPTED	Animalia	1	Chordata	44	Testudines	11418114			Geoemydidae	5463	Batagur	2443697	Batagur affinis	7759753	CR
9125247	Maculabatis arabica Manjaji-Matsumoto & Last, 2016	9125247	Maculabatis arabica Manjaji-Matsumoto & Last, 2016	1	SPECIES	ACCEPTED	Animalia	1	Chordata	44	Elasmobranchii	121	Myliobatiformes	8214029	Dasyatidae	2195	Maculabatis	8678289	Maculabatis arabica	9125247	CR
2432037	Andrias davidianus (Blanchard, 1871)	2432037	Andrias davidianus (Blanchard, 1871)	1	SPECIES	ACCEPTED	Animalia	1	Chordata	44	Amphibia	131	Caudata	953	Cryptobranchidae	6747	Andrias	2432036	Andrias davidianus	2432037	CR
5225896	Ceratophora karu Pethiyagoda & Manamendra-Arachchi, 1998	5225896	Ceratophora karu Pethiyagoda & Manamendra-Arachchi, 1998	1	SPECIES	ACCEPTED	Animalia	1	Chordata	44	Squamata	11592253			Agamidae	9199	Ceratophora	2465766	Ceratophora karu	5225896	CR
2359617	Rasbora tawarensis Weber & de Beaufort, 1916	2359617	Rasbora tawarensis Weber & de Beaufort, 1916	1	SPECIES	ACCEPTED	Animalia	1	Chordata	44			Cypriniformes	1153	Cyprinidae	7336	Rasbora	2359495	Rasbora tawarensis	2359617	CR
5785906	Pseudophilautus simba (Manamendra-Arachchi & Pethiyagoda, 2005)	5785906	Pseudophilautus simba (Manamendra-Arachchi & Pethiyagoda, 2005)	1	SPECIES	ACCEPTED	Animalia	1	Chordata	44	Amphibia	131	Anura	952	Rhacophoridae	3096	Pseudophilautus	4816351	Pseudophilautus simba	5785906	CR
4095989	Nardostachys jatamansi (D.Don) DC.	4095989	Nardostachys jatamansi (D.Don) DC.	2	SPECIES	ACCEPTED	Plantae	6	Tracheophyta	7707728	Magnoliopsida	220	Dipsacales	946	Caprifoliaceae	6710	Nardostachys	7298975	Nardostachys jatamansi	4095989	CR
5668909	Anisoptera megistocarpa Slooten	5668909	Anisoptera megistocarpa Slooten	3	SPECIES	ACCEPTED	Plantae	6	Tracheophyta	7707728	Magnoliopsida	220	Malvales	941	Dipterocarpaceae	6645	Anisoptera	3233915	Anisoptera megistocarpa	5668909	CR
2768035	Beaucarnea recurvata (K.Koch & Fintelm.) Lem.	2768035	Beaucarnea recurvata (K.Koch & Fintelm.) Lem.	3	SPECIES	ACCEPTED	Plantae	6	Tracheophyta	7707728	Liliopsida	196	Asparagales	1169	Asparagaceae	7683	Beaucarnea	2768017	Beaucarnea recurvata	2768035	CR
2479882	Cacatua haematuropygia (Statius Muller, 1776)	2479882	Cacatua haematuropygia (Statius Muller, 1776)	4	SPECIES	ACCEPTED	Animalia	1	Chordata	44	Aves	212	Psittaciformes	1445	Psittacidae	9340	Cacatua	2479869	Cacatua haematuropygia	2479882	CR
5219438	Panthera pardus delacouri Pocock, 1930	5219438	Panthera pardus delacouri Pocock, 1930	4	SUBSPECIES	ACCEPTED	Animalia	1	Chordata	44	Mammalia	359	Carnivora	732	Felidae	9703	Panthera	2435194	Panthera pardus	5219436	CR
9398255	Siamophryne troglodytes Suwannapoom, Sumontha, Tunprasert, Ruangsuwan, Pawangkhanant, Korost & Poyarkov, 2018	9398255	Siamophryne troglodytes Suwannapoom, Sumontha, Tunprasert, Ruangsuwan, Pawangkhanant, Korost & Poyarkov, 2018	1	SPECIES	ACCEPTED	Animalia	1	Chordata	44	Amphibia	131	Anura	952	Microhylidae	6741	Siamophryne	9368707	Siamophryne troglodytes	9398255	CR
5785788	Raorchestes shillongensis (Pillai & Chanda, 1973)	5785788	Raorchestes shillongensis (Pillai & Chanda, 1973)	5	SPECIES	ACCEPTED	Animalia	1	Chordata	44	Amphibia	131	Anura	952	Rhacophoridae	3096	Raorchestes	8999549	Raorchestes shillongensis	5785788	CR
8007381	Coracornis sanghirensis (Oustalet, 1881)	8007381	Coracornis sanghirensis (Oustalet, 1881)	1	SPECIES	ACCEPTED	Animalia	1	Chordata	44	Aves	212	Passeriformes	729	Pachycephalidae	3241790	Coracornis	2482617	Coracornis sanghirensis	8007381	CR
2431830	Lyciasalamandra billae (Franzen & Klewen, 1987)	2431830	Lyciasalamandra billae (Franzen & Klewen, 1987)	8	SPECIES	ACCEPTED	Animalia	1	Chordata	44	Amphibia	131	Caudata	953	Salamandridae	6750	Lyciasalamandra	2431828	Lyciasalamandra billae	2431830	CR
5788507	Nisaetus floris (Hartert, 1898)	5788507	Nisaetus floris (Hartert, 1898)	4	SPECIES	ACCEPTED	Animalia	1	Chordata	44	Aves	212	Accipitriformes	7191147	Accipitridae	2877	Nisaetus	4847461	Nisaetus floris	5788507	CR
2443333	Hieremys annandalii (Boulenger, 1903)	2443332	Heosemys annandalii (Boulenger, 1903)	1	SPECIES	SYNONYM	Animalia	1	Chordata	44	Testudines	11418114			Geoemydidae	5463	Heosemys	2443325	Heosemys annandalii	2443332	CR
10851575	Latonia nigriventer (Mendelssohn & Steinitz, 1943)	10851575	Latonia nigriventer (Mendelssohn & Steinitz, 1943)	1	SPECIES	ACCEPTED	Animalia	1	Chordata	44	Amphibia	131	Anura	952	Alytidae	6726	Latonia	3241201	Latonia nigriventer	10851575	CR
2493475	Garrulax rufifrons Lesson, 1831	2493475	Garrulax rufifrons Lesson, 1831	5	SPECIES	ACCEPTED	Animalia	1	Chordata	44	Aves	212	Passeriformes	729	Leiothrichidae	6101112	Garrulax	2493438	Garrulax rufifrons	2493475	CR
2446008	Cnemaspis tropidogaster (Boulenger, 1885)	2446008	Cnemaspis tropidogaster (Boulenger, 1885)	1	SPECIES	ACCEPTED	Animalia	1	Chordata	44	Squamata	11592253			Gekkonidae	5666	Cnemaspis	2448179	Cnemaspis tropidogaster	2446008	CR
7262008	Presbytis chrysomelas (Müller, 1838)	7262008	Presbytis chrysomelas (Müller, 1838)	1	SPECIES	ACCEPTED	Animalia	1	Chordata	44	Mammalia	359	Primates	798	Cercopithecidae	9622	Presbytis	3239596	Presbytis chrysomelas	7262008	CR
2474351	Heliopais personatus (G.R.Gray, 1849)	2474351	Heliopais personatus (G.R.Gray, 1849)	1	SPECIES	ACCEPTED	Animalia	1	Chordata	44	Aves	212	Gruiformes	1493	Heliornithidae	5246	Heliopais	2474350	Heliopais personatus	2474351	CR
4182883	Cinnamomum kotoense Kaneh. & Sasaki	4182883	Cinnamomum kotoense Kaneh. & Sasaki	3	SPECIES	ACCEPTED	Plantae	6	Tracheophyta	7707728	Magnoliopsida	220	Laurales	407	Lauraceae	6688	Cinnamomum	3033980	Cinnamomum kotoense	4182883	CR
2480381	Pithecophaga jefferyi Ogilvie-Grant, 1896	2480381	Pithecophaga jefferyi Ogilvie-Grant, 1896	1	SPECIES	ACCEPTED	Animalia	1	Chordata	44	Aves	212	Accipitriformes	7191147	Accipitridae	2877	Pithecophaga	2480380	Pithecophaga jefferyi	2480381	CR
2443499	Cuora trifasciata (Bell, 1825)	2443499	Cuora trifasciata (Bell, 1825)	1	SPECIES	ACCEPTED	Animalia	1	Chordata	44	Testudines	11418114			Geoemydidae	5463	Cuora	2443496	Cuora trifasciata	2443499	CR
2400181	Larimichthys crocea (Richardson, 1846)	2400181	Larimichthys crocea (Richardson, 1846)	2	SPECIES	ACCEPTED	Animalia	1	Chordata	44			Perciformes	587	Sciaenidae	5062	Larimichthys	2400170	Larimichthys crocea	2400181	CR
2684155	Glyptostrobus pensilis (Staunton ex D.Don) K.Koch	2684155	Glyptostrobus pensilis (Staunton ex D.Don) K.Koch	1	SPECIES	ACCEPTED	Plantae	6	Tracheophyta	7707728	Pinopsida	194	Pinales	640	Cupressaceae	8144	Glyptostrobus	2684154	Glyptostrobus pensilis	2684155	CR
5524063	Aquilaria malaccensis Lam.	5524063	Aquilaria malaccensis Lam.	2	SPECIES	ACCEPTED	Plantae	6	Tracheophyta	7707728	Magnoliopsida	220	Malvales	941	Thymelaeaceae	2428	Aquilaria	3233900	Aquilaria malaccensis	5524063	CR
9172584	Maculabatis bineeshi Manjaji-Matsumoto & Last, 2016	9172584	Maculabatis bineeshi Manjaji-Matsumoto & Last, 2016	1	SPECIES	ACCEPTED	Animalia	1	Chordata	44	Elasmobranchii	121	Myliobatiformes	8214029	Dasyatidae	2195	Maculabatis	8678289	Maculabatis bineeshi	9172584	CR
5785940	Pseudophilautus stellatus (Kelaart, 1853)	5785940	Pseudophilautus stellatus (Kelaart, 1853)	1	SPECIES	ACCEPTED	Animalia	1	Chordata	44	Amphibia	131	Anura	952	Rhacophoridae	3096	Pseudophilautus	4816351	Pseudophilautus stellatus	5785940	CR
5343533	Astragalus igniarius Popov	5343533	Astragalus igniarius Popov	1	SPECIES	ACCEPTED	Plantae	6	Tracheophyta	7707728	Magnoliopsida	220	Fabales	1370	Fabaceae	5386	Astragalus	2933951	Astragalus igniarius	5343533	CR
5786064	Nycticebus javanicus É.Geoffroy Saint-Hilaire, 1812	5786064	Nycticebus javanicus É.Geoffroy Saint-Hilaire, 1812	1	SPECIES	ACCEPTED	Animalia	1	Chordata	44	Mammalia	359	Primates	798	Lorisidae	3239561	Nycticebus	2436627	Nycticebus javanicus	5786064	CR
2431155	Hynobius glacialis Lai & Lue, 2008	2431155	Hynobius glacialis Lai & Lue, 2008	1	SPECIES	ACCEPTED	Animalia	1	Chordata	44	Amphibia	131	Caudata	953	Hynobiidae	3103	Hynobius	2431132	Hynobius glacialis	2431155	CR
2825201	Paphiopedilum micranthum Tang & F.T.Wang	2825201	Paphiopedilum micranthum Tang & F.T.Wang	2	SPECIES	ACCEPTED	Plantae	6	Tracheophyta	7707728	Liliopsida	196	Asparagales	1169	Orchidaceae	7689	Paphiopedilum	2825152	Paphiopedilum micranthum	2825201	CR
9435003	Dixonius kaweesaki Sumontha, Chomngam, Phanamphon, Pawangkhanant, Viriyapanon, Thanaprayotsak & Pauwels, 2017	9435003	Dixonius kaweesaki Sumontha, Chomngam, Phanamphon, Pawangkhanant, Viriyapanon, Thanaprayotsak & Pauwels, 2017	3	SPECIES	ACCEPTED	Animalia	1	Chordata	44	Squamata	11592253			Gekkonidae	5666	Dixonius	2447006	Dixonius kaweesaki	9435003	CR
5547750	Hildegardia populifolia (Roxb.) Schott & Endl.	5547750	Hildegardia populifolia (Roxb.) Schott & Endl.	1	SPECIES	ACCEPTED	Plantae	6	Tracheophyta	7707728	Magnoliopsida	220	Malvales	941	Malvaceae	6685	Hildegardia	3233926	Hildegardia populifolia	5547750	CR
2482469	Corvus unicolor (Rothschild & Hartert, 1900)	2482469	Corvus unicolor (Rothschild & Hartert, 1900)	2	SPECIES	ACCEPTED	Animalia	1	Chordata	44	Aves	212	Passeriformes	729	Corvidae	5235	Corvus	2482468	Corvus unicolor	2482469	CR
6029552	Dombeya acutangula Cav.	6029552	Dombeya acutangula Cav.	1	SPECIES	ACCEPTED	Plantae	6	Tracheophyta	7707728	Magnoliopsida	220	Malvales	941	Malvaceae	6685	Dombeya	8683601	Dombeya acutangula	6029552	CR
2419005	Rhinobatos rhinobatos (Linnaeus, 1758)	2419005	Rhinobatos rhinobatos (Linnaeus, 1758)	1	SPECIES	ACCEPTED	Animalia	1	Chordata	44	Elasmobranchii	121	Rhinopristiformes	9412443	Rhinobatidae	5876	Rhinobatos	2418989	Rhinobatos rhinobatos	2419005	CR
9311132	Pongo tapanuliensis Nurcahyo, Meijaard, Nowak, Fredriksson & Groves, 2017	9311132	Pongo tapanuliensis Nurcahyo, Meijaard, Nowak, Fredriksson & Groves, 2017	1	SPECIES	ACCEPTED	Animalia	1	Chordata	44	Mammalia	359	Primates	798	Hominidae	5483	Pongo	5219531	Pongo tapanuliensis	9311132	CR
6164522	Prionailurus bengalensis iriomotensis (Imaizumi, 1967)	2434901	Prionailurus iriomotensis (Imaizumi, 1967)	1	SUBSPECIES	SYNONYM	Animalia	1	Chordata	44	Mammalia	359	Carnivora	732	Felidae	9703	Prionailurus	2434894	Prionailurus iriomotensis	2434901	CR
5332576	Lithocarpus formosanus (Skan) Hayata	5332576	Lithocarpus formosanus (Skan) Hayata	1	SPECIES	ACCEPTED	Plantae	6	Tracheophyta	7707728	Magnoliopsida	220	Fagales	1354	Fagaceae	4689	Lithocarpus	2876673	Lithocarpus formosanus	5332576	CR
2465898	Calotes desilvai Bahir & Maduwage, 2005	2465898	Calotes desilvai Bahir & Maduwage, 2005	1	SPECIES	ACCEPTED	Animalia	1	Chordata	44	Squamata	11592253			Agamidae	9199	Calotes	2466496	Calotes desilvai	2465898	CR
2418924	Glaucostegus typus	2418924	Glaucostegus typus	1	SPECIES	ACCEPTED	Animalia	1	Chordata	44	Elasmobranchii	121	Rhinopristiformes	9412443	Glaucostegidae	9620830	Glaucostegus	2418914	Glaucostegus typus	2418924	CR
3702054	Nepenthes attenboroughii A.S.Rob., S.Mc Pherson & V.B.Heinrich	3702054	Nepenthes attenboroughii A.S.Rob., S.Mc Pherson & V.B.Heinrich	3	SPECIES	ACCEPTED	Plantae	6	Tracheophyta	7707728	Magnoliopsida	220	Caryophyllales	422	Nepenthaceae	6682	Nepenthes	3190711	Nepenthes attenboroughii	3702054	CR
2394001	Betta cracens Tan & Ng, 2005	2394001	Betta cracens Tan & Ng, 2005	2	SPECIES	ACCEPTED	Animalia	1	Chordata	44			Perciformes	587	Osphronemidae	8553	Betta	2393980	Betta cracens	2394001	CR
2446016	Cnemaspis samanalensis Mendis Wickramasinghe & Munindradasa, 2007	2446016	Cnemaspis samanalensis Mendis Wickramasinghe & Munindradasa, 2007	1	SPECIES	ACCEPTED	Animalia	1	Chordata	44	Squamata	11592253			Gekkonidae	5666	Cnemaspis	2448179	Cnemaspis samanalensis	2446016	CR
2461489	Scincella huanrenensis Zhao & Huang, 1982	2461489	Scincella huanrenensis Zhao & Huang, 1982	3	SPECIES	ACCEPTED	Animalia	1	Chordata	44	Squamata	11592253			Scincidae	9115	Scincella	2461335	Scincella huanrenensis	2461489	CR
7712062	Cycas szechuanensis W.C.Cheng & L.K.Fu	7712062	Cycas szechuanensis W.C.Cheng & L.K.Fu	1	SPECIES	ACCEPTED	Plantae	6	Tracheophyta	7707728	Cycadopsida	228	Cycadales	834	Cycadaceae	6168	Cycas	2683206	Cycas szechuanensis	7712062	CR
5219563	Presbytis potenziani (Bonaparte, 1856)	5219563	Presbytis potenziani (Bonaparte, 1856)	1	SPECIES	ACCEPTED	Animalia	1	Chordata	44	Mammalia	359	Primates	798	Cercopithecidae	9622	Presbytis	3239596	Presbytis potenziani	5219563	CR
5332286	Ostrya rehderiana Chun	5332286	Ostrya rehderiana Chun	1	SPECIES	ACCEPTED	Plantae	6	Tracheophyta	7707728	Magnoliopsida	220	Fagales	1354	Betulaceae	4688	Ostrya	8091875	Ostrya rehderiana	5332286	CR
2342192	Encheloclarias kelioides Ng & Lim, 1993	2342192	Encheloclarias kelioides Ng & Lim, 1993	2	SPECIES	ACCEPTED	Animalia	1	Chordata	44			Siluriformes	708	Clariidae	8978	Encheloclarias	2342189	Encheloclarias kelioides	2342192	CR
7647099	Bertia cambojiensis (Reeve, 1860)	7647099	Bertia cambojiensis (Reeve, 1860)	1	SPECIES	ACCEPTED	Animalia	1	Mollusca	52	Gastropoda	225	Stylommatophora	1456	Dyakiidae	3244108	Bertia	3243854	Bertia cambojiensis	7647099	CR
5668907	Vatica lanceaefolia (Roxb.) Blume	7546421	Vatica lanceifolia (Roxb.) Blume	1	SPECIES	SYNONYM	Plantae	6	Tracheophyta	7707728	Magnoliopsida	220	Malvales	941	Dipterocarpaceae	6645	Vatica	3233905	Vatica lanceifolia	7546421	CR
5785887	Pseudophilautus ocularis (Manamendra-Arachchi & Pethiyagoda, 2005)	5785887	Pseudophilautus ocularis (Manamendra-Arachchi & Pethiyagoda, 2005)	1	SPECIES	ACCEPTED	Animalia	1	Chordata	44	Amphibia	131	Anura	952	Rhacophoridae	3096	Pseudophilautus	4816351	Pseudophilautus ocularis	5785887	CR
8678735	Quercus sichourensis (Y.C.Hsu) C.C.Huang & Y.T.Chang	8678735	Quercus sichourensis (Y.C.Hsu) C.C.Huang & Y.T.Chang	1	SPECIES	ACCEPTED	Plantae	6	Tracheophyta	7707728	Magnoliopsida	220	Fagales	1354	Fagaceae	4689	Quercus	2877951	Quercus sichourensis	8678735	CR
5285242	Pinus squamata X.W.Li	5285242	Pinus squamata X.W.Li	1	SPECIES	ACCEPTED	Plantae	6	Tracheophyta	7707728	Pinopsida	194	Pinales	640	Pinaceae	3925	Pinus	2684241	Pinus squamata	5285242	CR
5299016	Iris nusairiensis Mouterde	5299016	Iris nusairiensis Mouterde	1	SPECIES	ACCEPTED	Plantae	6	Tracheophyta	7707728	Liliopsida	196	Asparagales	1169	Iridaceae	7698	Iris	2748017	Iris nusairiensis	5299016	CR
4930502	Nepenthes sumatrana (Miq.) Beck	4930502	Nepenthes sumatrana (Miq.) Beck	1	SPECIES	ACCEPTED	Plantae	6	Tracheophyta	7707728	Magnoliopsida	220	Caryophyllales	422	Nepenthaceae	6682	Nepenthes	3190711	Nepenthes sumatrana	4930502	CR
10062954	Aspidura desilvai Wickramasinghe, Bandara, Vidanapathirana & Wickramasinghe, 2019	10062954	Aspidura desilvai Wickramasinghe, Bandara, Vidanapathirana & Wickramasinghe, 2019	1	SPECIES	ACCEPTED	Animalia	1	Chordata	44	Squamata	11592253			Colubridae	6172	Aspidura	2454367	Aspidura desilvai	10062954	CR
2420766	Carcharias taurus Rafinesque, 1810	2420766	Carcharias taurus Rafinesque, 1810	1	SPECIES	ACCEPTED	Animalia	1	Chordata	44	Elasmobranchii	121	Lamniformes	885	Odontaspididae	2202	Carcharias	5962961	Carcharias taurus	2420766	CR
2684940	Araucaria angustifolia (Bertol.) Kuntze	2684940	Araucaria angustifolia (Bertol.) Kuntze	1	SPECIES	ACCEPTED	Plantae	6	Tracheophyta	7707728	Pinopsida	194	Pinales	640	Araucariaceae	3924	Araucaria	2684910	Araucaria angustifolia	2684940	CR
2419014	Rhinobatos annandalei Norman, 1926	2419014	Rhinobatos annandalei Norman, 1926	1	SPECIES	ACCEPTED	Animalia	1	Chordata	44	Elasmobranchii	121	Rhinopristiformes	9412443	Rhinobatidae	5876	Rhinobatos	2418989	Rhinobatos annandalei	2419014	CR
5298015	Iris cedreti Dinsm. ex Chaudhary	5298015	Iris cedreti Dinsm. ex Chaudhary	1	SPECIES	ACCEPTED	Plantae	6	Tracheophyta	7707728	Liliopsida	196	Asparagales	1169	Iridaceae	7698	Iris	2748017	Iris cedreti	5298015	CR
8080041	Pethia bandula (Kottelat & Pethiyagoda, 1991)	8080041	Pethia bandula (Kottelat & Pethiyagoda, 1991)	1	SPECIES	ACCEPTED	Animalia	1	Chordata	44			Cypriniformes	1153	Cyprinidae	7336	Pethia	8138523	Pethia bandula	8080041	CR
8249241	Bruguiera ×hainesii C.G.Rogers	8249241	Bruguiera ×hainesii C.G.Rogers	7	SPECIES	ACCEPTED	Plantae	6	Tracheophyta	7707728	Magnoliopsida	220	Malpighiales	1414	Rhizophoraceae	6671	Bruguiera	7780057	Bruguiera hainesii	8249241	CR
2340710	Pangasianodon gigas Chevey, 1931	2340710	Pangasianodon gigas Chevey, 1931	1	SPECIES	ACCEPTED	Animalia	1	Chordata	44			Siluriformes	708	Pangasiidae	9228	Pangasianodon	2340709	Pangasianodon gigas	2340710	CR
6066632	Cnemaspis paripari Grismer & Onn, 2009	6066632	Cnemaspis paripari Grismer & Onn, 2009	1	SPECIES	ACCEPTED	Animalia	1	Chordata	44	Squamata	11592253			Gekkonidae	5666	Cnemaspis	2448179	Cnemaspis paripari	6066632	CR
2735592	Hyophorbe lagenicaulis (L.H.Bailey) H.E.Moore	2735592	Hyophorbe lagenicaulis (L.H.Bailey) H.E.Moore	1	SPECIES	ACCEPTED	Plantae	6	Tracheophyta	7707728	Liliopsida	196	Arecales	552	Arecaceae	7681	Hyophorbe	2735588	Hyophorbe lagenicaulis	2735592	CR
2486697	Eutrichomyias rowleyi (A.B.Meyer, 1878)	2486697	Eutrichomyias rowleyi (A.B.Meyer, 1878)	1	SPECIES	ACCEPTED	Animalia	1	Chordata	44	Aves	212	Passeriformes	729	Monarchidae	5256	Eutrichomyias	2486696	Eutrichomyias rowleyi	2486697	CR
2739345	Pinanga tashiroi Hayata	2739345	Pinanga tashiroi Hayata	1	SPECIES	ACCEPTED	Plantae	6	Tracheophyta	7707728	Liliopsida	196	Arecales	552	Arecaceae	7681	Pinanga	2739291	Pinanga tashiroi	2739345	CR
